model,MSE,RMSE,MAE,R2
linear,25569168122.91743,159903.62135648282,98018.68975346189,0.8205246857968828
nn_v1,13656182168.169794,116859.66869784372,67225.62914948077,0.9041444143327245
nn_v2,13271366652.334978,115201.4177531465,68190.90706552686,0.9068455145516552
nn_v3,12846320369.171535,113341.6091696758,66686.8285338071,0.9098290029019568
nn_v3_lr_0.001,25571967717.092686,159912.37512179188,88138.67761705675,0.8205050348625297
nn_v3_sgd,26079356935.241947,161491.04289477464,91541.54815287361,0.8169435643088986
nn_v3_ep_100,17896176768.25309,133776.5927516959,77276.73355338801,0.8743830095263079
nn_v3_ep_600,13951012677.490137,118114.40503803987,67241.20012293116,0.9020749376081569
nn_v3_bs_256,22412493504.976826,149708.0275234993,82889.7537821632,0.8426820421163519
nn_v3_wd_1e-3,12851096056.247004,113362.67488131623,67388.49756674287,0.9097954813601419
